[
  {
    "id": "1767284929820-nv1nCTq8YjZx11oZAAAC",
    "type": "text",
    "username": "Augustine",
    "text": "i67tyuyu",
    "timestamp": "2026-01-01T16:28:49.820Z",
    "likes": [
      "Timo"
    ]
  },
  {
    "id": "1767285695590-dH-uDkyCuKq6OcL8AAAg",
    "type": "text",
    "username": "Timo",
    "text": "dgsdfgdsgfsdfhfsdghdfshghgdshggh",
    "timestamp": "2026-01-01T16:41:35.590Z",
    "likes": [
      "Timo"
    ]
  },
  {
    "id": "1767286571971-0kXe45c8PhrcJWDOAABA",
    "type": "text",
    "username": "Brian",
    "text": "kljkj",
    "timestamp": "2026-01-01T16:56:11.971Z",
    "likes": []
  },
  {
    "id": "1767286863942-x9WkcyTBrKG4z6uMAABQ",
    "type": "text",
    "username": "Bug",
    "text": "hbj",
    "timestamp": "2026-01-01T17:01:03.942Z",
    "likes": []
  },
  {
    "id": "1767288136522-C2D2-KPXYVlXhk7dAACu",
    "type": "text",
    "username": "Jordan",
    "text": "dff",
    "timestamp": "2026-01-01T17:22:16.522Z",
    "likes": []
  }
]